dataset,0,1,2,3,4,5,6,7,8,9,10,11,12,13,14,15,16,17,18,19,20,21,22,23,24,25,26,27,28,29
ACSF1,0.92,0.73,0.81,0.84,0.88,0.88,0.81,0.82,0.77,0.75,0.73,0.88,0.81,0.76,0.84,0.77,0.84,0.82,0.81,0.74,0.8,0.71,0.78,0.82,0.8,0.87,0.84,0.77,0.77,0.86
AconityMINIPrinterLargeEq,0.935811,0.936655,0.941723,0.935811,0.949324,0.942568,0.940034,0.942568,0.945101,0.943412,0.945101,0.942568,0.945946,0.934122,0.941723,0.94848,0.945101,0.936655,0.943412,0.938345,0.954392,0.943412,0.950169,0.940878,0.94848,0.939189,0.950169,0.942568,0.945101,0.952703
AconityMINIPrinterSmallEq,0.979452,0.976027,0.979452,0.979452,0.979452,0.979452,0.989726,0.979452,0.965753,0.979452,0.979452,0.972603,0.94863,0.969178,0.969178,0.979452,0.986301,0.979452,0.976027,0.982877,0.972603,0.986301,0.962329,0.969178,0.976027,0.962329,0.982877,0.979452,0.979452,0.972603
Adiac,0.838875,0.820972,0.795396,0.805627,0.826087,0.823529,0.815857,0.805627,0.800512,0.800512,0.808184,0.780051,0.803069,0.808184,0.808184,0.813299,0.828645,0.787724,0.803069,0.813299,0.803069,0.826087,0.823529,0.826087,0.813299,0.826087,0.810742,0.810742,0.838875,0.818414
AllGestureWiimoteXEq,0.635714,0.688571,0.68,0.675714,0.674286,0.678571,0.677143,0.674286,0.657143,0.681429,0.678571,0.64,0.682857,0.697143,0.667143,0.654286,0.678571,0.687143,0.68,0.68,0.684286,0.665714,0.68,0.644286,0.684286,0.67,0.678571,0.711429,0.637143,0.73
AllGestureWiimoteYEq,0.671429,0.741429,0.688571,0.711429,0.724286,0.728571,0.691429,0.731429,0.684286,0.711429,0.675714,0.687143,0.715714,0.691429,0.702857,0.704286,0.7,0.707143,0.687143,0.724286,0.708571,0.735714,0.728571,0.737143,0.711429,0.71,0.681429,0.704286,0.69,0.698571
AllGestureWiimoteZEq,0.661429,0.672857,0.682857,0.674286,0.675714,0.655714,0.692857,0.65,0.664286,0.672857,0.671429,0.637143,0.624286,0.657143,0.681429,0.637143,0.662857,0.641429,0.65,0.678571,0.675714,0.667143,0.672857,0.657143,0.664286,0.664286,0.7,0.654286,0.66,0.618571
ArrowHead,0.828571,0.754286,0.834286,0.834286,0.834286,0.857143,0.868571,0.834286,0.834286,0.862857,0.777143,0.834286,0.777143,0.862857,0.828571,0.851429,0.714286,0.811429,0.828571,0.828571,0.891429,0.788571,0.765714,0.822857,0.885714,0.834286,0.92,0.805714,0.874286,0.828571
AsphaltObstaclesUniEq,0.851662,0.841432,0.85422,0.810742,0.831202,0.841432,0.813299,0.872123,0.83376,0.849105,0.83376,0.85422,0.84399,0.826087,0.838875,0.808184,0.836317,0.846547,0.869565,0.841432,0.851662,0.83376,0.851662,0.849105,0.826087,0.851662,0.813299,0.849105,0.851662,0.85422
AsphaltPavementTypeUniEq,0.945076,0.917614,0.944129,0.931818,0.941288,0.936553,0.944129,0.941288,0.935606,0.940341,0.941288,0.9375,0.943182,0.931818,0.940341,0.933712,0.92803,0.933712,0.943182,0.933712,0.941288,0.941288,0.936553,0.939394,0.934659,0.928977,0.941288,0.945076,0.925189,0.947917
AsphaltRegularityUniEq,0.989348,0.989348,0.985353,0.989348,0.985353,0.993342,0.988016,0.989348,0.993342,0.993342,0.981358,0.984021,0.992011,0.990679,0.985353,0.994674,0.992011,0.990679,0.989348,0.985353,0.990679,0.986684,0.984021,0.986684,0.985353,0.984021,0.988016,0.993342,0.993342,0.990679
BME,1.0,1.0,1.0,1.0,1.0,1.0,1.0,1.0,1.0,1.0,1.0,1.0,1.0,1.0,1.0,1.0,1.0,1.0,1.0,1.0,1.0,1.0,1.0,1.0,1.0,1.0,1.0,1.0,1.0,1.0
Beef,0.766667,0.633333,0.666667,0.666667,0.866667,0.766667,0.9,0.9,0.866667,0.866667,0.866667,0.833333,0.866667,0.566667,0.933333,0.833333,0.8,0.766667,0.633333,0.933333,0.733333,0.866667,0.666667,0.733333,0.766667,0.566667,0.866667,0.8,0.8,0.833333
BeetleFly,0.75,0.85,0.7,0.9,0.95,0.9,0.95,0.8,0.85,0.9,1.0,0.95,0.8,0.8,0.8,0.95,0.9,0.9,0.85,0.95,0.9,0.8,0.95,1.0,0.8,1.0,0.9,0.8,0.75,1.0
BirdChicken,0.9,0.95,0.9,1.0,1.0,1.0,1.0,0.9,1.0,0.9,1.0,0.95,1.0,0.95,0.85,0.95,1.0,1.0,0.9,1.0,0.95,1.0,1.0,0.95,0.9,0.95,0.9,0.8,0.95,0.9
CBF,0.995556,0.993333,0.966667,0.981111,0.984444,0.985556,0.994444,0.987778,0.99,0.995556,0.987778,0.972222,0.993333,0.995556,0.994444,0.994444,0.993333,0.994444,0.985556,0.978889,0.965556,0.996667,0.996667,0.993333,0.991111,0.98,0.995556,0.975556,0.996667,0.99
Car,0.916667,0.866667,0.883333,0.916667,0.8,0.866667,0.833333,0.9,0.866667,0.916667,0.883333,0.883333,0.866667,0.95,0.85,0.833333,0.916667,0.9,0.833333,0.883333,0.833333,0.883333,0.9,0.883333,0.9,0.866667,0.85,0.883333,0.866667,0.883333
Chinatown,0.979592,0.982507,0.979592,0.970845,0.970845,0.96793,0.973761,0.979592,0.979592,0.976676,0.982507,0.953353,0.976676,0.982507,0.976676,0.962099,0.979592,0.973761,0.976676,0.973761,0.979592,0.985423,0.970845,0.970845,0.976676,0.965015,0.979592,0.979592,0.979592,0.970845
ChlorineConcentration,0.747917,0.753125,0.76224,0.739583,0.746094,0.746875,0.750781,0.734375,0.745833,0.720573,0.745313,0.732552,0.774479,0.748698,0.750521,0.746875,0.761198,0.728385,0.75026,0.748177,0.745052,0.746094,0.748177,0.745573,0.757552,0.732031,0.720573,0.738802,0.744792,0.727865
CinCECGTorso,0.983333,0.978261,0.983333,1.0,0.999275,0.97029,0.918116,0.997826,0.951449,0.973913,0.978986,0.977536,0.997826,0.973913,0.985507,0.999275,0.941304,0.981159,0.939855,1.0,0.968116,1.0,0.995652,0.983333,0.986232,0.965942,0.962319,0.994203,0.995652,0.95
Coffee,1.0,1.0,1.0,1.0,1.0,1.0,1.0,1.0,1.0,1.0,1.0,1.0,1.0,1.0,1.0,1.0,1.0,1.0,1.0,1.0,1.0,1.0,1.0,1.0,1.0,1.0,1.0,1.0,1.0,1.0
Colposcopy,0.445545,0.405941,0.405941,0.415842,0.445545,0.405941,0.425743,0.425743,0.425743,0.445545,0.445545,0.415842,0.415842,0.425743,0.425743,0.435644,0.415842,0.415842,0.386139,0.415842,0.39604,0.405941,0.435644,0.415842,0.415842,0.415842,0.435644,0.376238,0.445545,0.405941
Computers,0.8,0.828,0.864,0.852,0.84,0.824,0.82,0.828,0.844,0.844,0.876,0.82,0.864,0.888,0.816,0.844,0.848,0.892,0.84,0.828,0.856,0.824,0.824,0.8,0.864,0.84,0.808,0.848,0.828,0.828
Covid3MonthDiscrete,1.0,0.814286,0.728571,0.857143,0.785714,0.8,0.842857,0.842857,0.814286,0.714286,0.771429,0.742857,0.771429,0.714286,0.8,0.8,0.785714,0.814286,0.8,0.8,0.771429,0.771429,0.771429,0.871429,0.857143,0.771429,0.842857,0.8,0.828571,0.871429
CricketX,0.758974,0.782051,0.748718,0.769231,0.730769,0.74359,0.774359,0.776923,0.766667,0.771795,0.784615,0.771795,0.797436,0.748718,0.741026,0.776923,0.774359,0.735897,0.75641,0.802564,0.746154,0.738462,0.771795,0.797436,0.782051,0.751282,0.769231,0.776923,0.784615,0.758974
CricketY,0.797436,0.769231,0.764103,0.776923,0.75641,0.805128,0.779487,0.794872,0.764103,0.764103,0.771795,0.784615,0.771795,0.764103,0.815385,0.769231,0.825641,0.805128,0.766667,0.774359,0.769231,0.758974,0.797436,0.797436,0.766667,0.802564,0.787179,0.774359,0.789744,0.766667
CricketZ,0.792308,0.779487,0.787179,0.789744,0.848718,0.8,0.797436,0.779487,0.794872,0.774359,0.789744,0.8,0.789744,0.802564,0.774359,0.764103,0.746154,0.8,0.75641,0.784615,0.789744,0.779487,0.774359,0.761538,0.779487,0.794872,0.812821,0.761538,0.735897,0.807692
Crop,0.777619,0.771726,0.77256,0.775595,0.776607,0.778452,0.77869,0.774524,0.775833,0.778036,0.774524,0.775298,0.775595,0.77625,0.772679,0.77631,0.773155,0.77506,0.771726,0.780476,0.772917,0.778929,0.774643,0.780655,0.776131,0.778333,0.777024,0.776964,0.777381,0.778452
DiatomSizeReduction,0.901961,0.947712,0.892157,0.823529,0.924837,0.96732,0.931373,0.921569,0.973856,0.918301,0.885621,0.931373,0.96732,0.872549,0.862745,0.885621,0.905229,0.931373,0.95098,0.895425,0.885621,0.892157,0.934641,0.944444,0.888889,0.977124,0.915033,0.970588,0.944444,0.937908
DistalPhalanxOutlineAgeGroup,0.76259,0.841727,0.81295,0.892086,0.791367,0.76259,0.841727,0.841727,0.776978,0.798561,0.805755,0.820144,0.834532,0.805755,0.841727,0.820144,0.827338,0.820144,0.827338,0.81295,0.769784,0.81295,0.827338,0.827338,0.798561,0.834532,0.798561,0.863309,0.856115,0.834532
DistalPhalanxOutlineCorrect,0.789855,0.822464,0.847826,0.822464,0.822464,0.858696,0.847826,0.811594,0.82971,0.844203,0.836957,0.858696,0.847826,0.862319,0.844203,0.844203,0.84058,0.807971,0.818841,0.811594,0.818841,0.844203,0.789855,0.862319,0.858696,0.833333,0.811594,0.833333,0.822464,0.818841
DistalPhalanxTW,0.676259,0.719424,0.726619,0.71223,0.71223,0.705036,0.669065,0.705036,0.71223,0.697842,0.676259,0.705036,0.690647,0.690647,0.697842,0.726619,0.726619,0.676259,0.705036,0.719424,0.71223,0.690647,0.669065,0.697842,0.690647,0.690647,0.71223,0.719424,0.683453,0.690647
DodgerLoopDayNmv,0.688312,0.597403,0.584416,0.584416,0.597403,0.623377,0.636364,0.558442,0.597403,0.597403,0.597403,0.545455,0.584416,0.636364,0.584416,0.662338,0.558442,0.61039,0.597403,0.623377,0.584416,0.662338,0.558442,0.623377,0.649351,0.61039,0.545455,0.545455,0.571429,0.597403
DodgerLoopGameNmv,0.874016,0.771654,0.80315,0.88189,0.811024,0.913386,0.811024,0.818898,0.811024,0.88189,0.834646,0.84252,0.811024,0.755906,0.818898,0.905512,0.84252,0.826772,0.84252,0.850394,0.779528,0.826772,0.905512,0.80315,0.811024,0.905512,0.850394,0.850394,0.834646,0.897638
DodgerLoopWeekendNmv,0.984127,0.984127,0.984127,0.984127,0.984127,0.992063,0.984127,0.984127,0.984127,0.984127,0.984127,0.992063,0.984127,0.984127,0.984127,0.992063,0.984127,0.984127,0.984127,0.984127,0.984127,0.984127,0.984127,0.984127,0.984127,0.984127,0.984127,0.984127,0.984127,0.984127
ECG200,0.89,0.82,0.87,0.86,0.91,0.9,0.89,0.92,0.92,0.88,0.85,0.87,0.87,0.88,0.86,0.85,0.86,0.89,0.89,0.79,0.85,0.83,0.81,0.9,0.86,0.89,0.86,0.9,0.83,0.87
ECG5000,0.942889,0.946222,0.946222,0.948444,0.944889,0.948222,0.948,0.938667,0.945556,0.944444,0.945778,0.944889,0.949111,0.940667,0.946444,0.944222,0.944889,0.945111,0.944667,0.948222,0.95,0.944,0.943333,0.945333,0.947111,0.946444,0.944889,0.942889,0.946889,0.946667
ECGFiveDays,0.997677,0.994193,0.995354,0.998839,0.98374,1.0,0.960511,0.979094,0.995354,0.97561,0.997677,0.99187,0.990708,0.982578,0.974448,0.979094,0.896632,0.977933,0.966318,0.988386,0.963995,0.998839,0.97561,0.995354,0.989547,0.997677,0.996516,0.987224,0.972125,0.933798
EOGHorizontalSignal,0.671271,0.834254,0.837017,0.839779,0.853591,0.861878,0.812155,0.820442,0.842541,0.848066,0.850829,0.872928,0.848066,0.837017,0.831492,0.870166,0.828729,0.867403,0.850829,0.850829,0.825967,0.861878,0.842541,0.848066,0.834254,0.820442,0.842541,0.864641,0.837017,0.81768
EOGVerticalSignal,0.524862,0.814917,0.798343,0.809392,0.79558,0.787293,0.776243,0.78453,0.79558,0.756906,0.792818,0.798343,0.790055,0.842541,0.79558,0.809392,0.790055,0.834254,0.809392,0.751381,0.787293,0.850829,0.790055,0.756906,0.798343,0.823204,0.801105,0.79558,0.765193,0.80663
Earthquakes,0.748201,0.769784,0.748201,0.769784,0.76259,0.741007,0.733813,0.76259,0.769784,0.726619,0.733813,0.755396,0.748201,0.733813,0.741007,0.748201,0.733813,0.755396,0.748201,0.755396,0.769784,0.76259,0.748201,0.769784,0.755396,0.769784,0.755396,0.755396,0.755396,0.748201
ElectricDeviceDetection,0.869161,0.896497,0.911093,0.910828,0.901539,0.894108,0.908174,0.903662,0.90207,0.910297,0.904989,0.901539,0.899682,0.904459,0.890924,0.899416,0.899682,0.901805,0.897824,0.905786,0.904724,0.906316,0.910032,0.909501,0.899682,0.901539,0.902335,0.904193,0.895701,0.910297
ElectricDevices,0.742705,0.880431,0.879134,0.886137,0.878874,0.881857,0.88082,0.880171,0.876929,0.879912,0.883673,0.881727,0.880949,0.88471,0.881857,0.885099,0.886785,0.881338,0.881987,0.883673,0.876021,0.881857,0.881598,0.881598,0.88484,0.881079,0.877448,0.884191,0.886396,0.885229
EthanolLevel,0.694,0.846,0.856,0.816,0.846,0.844,0.826,0.844,0.836,0.814,0.828,0.82,0.84,0.822,0.824,0.832,0.84,0.822,0.812,0.824,0.794,0.822,0.828,0.872,0.832,0.838,0.832,0.828,0.83,0.838
FaceAll,0.764497,0.964497,0.964497,0.965089,0.96213,0.962722,0.959172,0.954438,0.963314,0.960355,0.962722,0.968639,0.960355,0.959763,0.960355,0.955621,0.947337,0.956213,0.960355,0.960355,0.951479,0.961538,0.954438,0.957988,0.966272,0.957988,0.961538,0.949704,0.962722,0.951479
FaceFour,0.965909,0.954545,0.75,0.840909,0.909091,0.886364,0.875,0.954545,0.886364,0.886364,0.965909,0.920455,0.931818,0.886364,0.965909,0.977273,0.875,0.897727,0.863636,0.943182,0.875,0.886364,0.931818,0.931818,0.931818,0.965909,0.943182,0.886364,0.931818,0.852273
FacesUCR,0.894634,0.903415,0.877561,0.912683,0.906829,0.902439,0.890244,0.90439,0.913659,0.89122,0.897561,0.89561,0.861951,0.900488,0.898049,0.907805,0.906341,0.890732,0.903902,0.897073,0.909268,0.89561,0.906829,0.921463,0.910732,0.880488,0.915122,0.91122,0.898049,0.871707
FiftyWords,0.786813,0.764835,0.773626,0.778022,0.791209,0.782418,0.753846,0.769231,0.76044,0.778022,0.749451,0.8,0.771429,0.784615,0.789011,0.784615,0.775824,0.78022,0.78022,0.771429,0.789011,0.753846,0.773626,0.797802,0.775824,0.773626,0.78022,0.775824,0.764835,0.782418
Fish,0.971429,0.948571,0.96,0.965714,0.925714,0.942857,0.937143,0.908571,0.931429,0.954286,0.925714,0.925714,0.914286,0.942857,0.948571,0.96,0.948571,0.948571,0.937143,0.937143,0.942857,0.937143,0.954286,0.965714,0.908571,0.948571,0.96,0.92,0.954286,0.931429
FloodModeling1Discrete,1.0,0.961783,0.949045,0.957537,0.961783,0.96603,0.957537,0.961783,0.961783,0.978769,0.96603,0.961783,0.987261,0.970276,0.96603,0.96603,0.974522,0.953291,0.957537,0.961783,0.96603,0.949045,0.957537,0.974522,0.961783,0.974522,0.953291,0.961783,0.96603,0.970276
FloodModeling2Discrete,1.0,0.978541,1.0,0.987124,0.978541,0.974249,1.0,0.995708,0.991416,0.987124,0.982833,0.987124,0.978541,0.991416,0.991416,0.991416,0.987124,0.987124,0.995708,0.969957,0.978541,0.987124,0.991416,0.978541,0.995708,0.991416,0.987124,0.991416,0.982833,0.978541
FloodModeling3Discrete,1.0,0.981352,0.962704,0.948718,0.958042,0.958042,0.958042,0.967366,0.972028,0.944056,0.967366,0.97669,0.958042,0.962704,0.95338,0.944056,0.972028,0.948718,0.990676,0.967366,0.944056,0.967366,0.972028,0.967366,0.986014,0.958042,0.95338,0.981352,0.972028,0.944056
FordA,0.971212,0.962121,0.969697,0.974242,0.970455,0.967424,0.960606,0.968939,0.968939,0.974242,0.969697,0.962121,0.959848,0.966667,0.973485,0.969697,0.964394,0.965909,0.972727,0.983333,0.973485,0.972727,0.975758,0.973485,0.963636,0.966667,0.971212,0.968939,0.960606,0.968182
FordB,0.801235,0.914815,0.920988,0.92716,0.92963,0.918519,0.909877,0.932099,0.906173,0.919753,0.919753,0.92716,0.911111,0.898765,0.933333,0.92716,0.917284,0.911111,0.933333,0.92716,0.907407,0.91358,0.922222,0.928395,0.933333,0.917284,0.917284,0.916049,0.930864,0.907407
FreezerRegularTrain,0.999649,0.999649,0.998947,0.999649,0.999649,0.999298,0.999649,0.999298,0.999649,0.999649,0.999649,0.999298,0.998596,0.999298,0.999649,0.998947,0.999649,0.999649,0.999649,0.999649,0.999298,0.999298,0.999649,0.999649,0.999649,0.999649,0.998947,0.999649,0.999649,0.999649
FreezerSmallTrain,0.998596,0.998596,0.998246,0.998947,0.999298,0.999298,0.999298,0.999649,0.998947,0.998596,0.999298,0.998596,0.998596,0.998246,0.999298,0.999298,0.995439,0.998947,0.998947,0.997895,0.997895,0.998947,0.999649,0.999649,0.998947,0.999298,0.999298,0.998246,0.999298,0.985614
GestureMidAirD1Eq,0.730769,0.707692,0.7,0.707692,0.761538,0.669231,0.707692,0.723077,0.653846,0.730769,0.7,0.730769,0.692308,0.746154,0.676923,0.723077,0.723077,0.707692,0.730769,0.723077,0.730769,0.669231,0.730769,0.723077,0.646154,0.715385,0.653846,0.746154,0.707692,0.7
GestureMidAirD2Eq,0.7,0.592308,0.607692,0.6,0.646154,0.546154,0.607692,0.507692,0.576923,0.607692,0.607692,0.6,0.692308,0.607692,0.553846,0.553846,0.569231,0.646154,0.607692,0.576923,0.646154,0.6,0.623077,0.592308,0.607692,0.6,0.623077,0.592308,0.676923,0.592308
GestureMidAirD3Eq,0.515385,0.507692,0.515385,0.469231,0.430769,0.430769,0.5,0.453846,0.446154,0.438462,0.415385,0.484615,0.453846,0.469231,0.461538,0.507692,0.384615,0.461538,0.453846,0.476923,0.415385,0.476923,0.430769,0.484615,0.446154,0.423077,0.453846,0.523077,0.453846,0.4
GesturePebbleZ1Eq,0.883721,0.936047,0.947674,0.953488,0.936047,0.94186,0.959302,0.953488,0.959302,0.953488,0.94186,0.936047,0.94186,0.918605,0.94186,0.94186,0.94186,0.97093,0.982558,0.94186,0.94186,0.965116,0.965116,0.930233,0.953488,0.936047,0.918605,0.912791,0.953488,0.936047
GesturePebbleZ2Eq,0.867089,0.962025,0.968354,0.974684,0.955696,0.943038,0.93038,0.955696,0.905063,0.936709,0.943038,0.943038,0.949367,0.962025,0.955696,0.955696,0.955696,0.936709,0.936709,0.974684,0.968354,0.943038,0.962025,0.993671,0.955696,0.949367,0.949367,0.974684,0.955696,0.968354
GunPoint,0.986667,1.0,0.993333,0.993333,1.0,0.98,0.993333,1.0,1.0,0.993333,0.993333,1.0,0.986667,1.0,0.993333,1.0,0.986667,1.0,1.0,0.986667,0.993333,1.0,1.0,0.993333,0.993333,0.993333,0.993333,0.986667,0.986667,0.986667
GunPointAgeSpan,0.996835,0.977848,1.0,0.990506,0.996835,0.977848,0.977848,0.996835,0.996835,1.0,1.0,0.996835,0.993671,0.996835,1.0,0.981013,1.0,0.993671,0.984177,0.977848,0.993671,0.984177,1.0,0.993671,0.987342,0.996835,1.0,0.996835,0.996835,0.990506
GunPointMaleVersusFemale,1.0,0.993671,1.0,0.996835,0.996835,0.996835,0.996835,1.0,1.0,1.0,0.996835,0.996835,1.0,1.0,1.0,0.996835,1.0,0.996835,1.0,1.0,1.0,0.996835,0.996835,1.0,1.0,0.996835,0.996835,1.0,1.0,1.0
GunPointOldVersusYoung,1.0,1.0,1.0,1.0,1.0,1.0,1.0,1.0,1.0,1.0,1.0,1.0,1.0,1.0,1.0,1.0,1.0,1.0,1.0,1.0,1.0,1.0,1.0,1.0,1.0,1.0,1.0,1.0,1.0,1.0
Ham,0.752381,0.780952,0.666667,0.752381,0.742857,0.866667,0.771429,0.819048,0.838095,0.809524,0.847619,0.780952,0.828571,0.857143,0.809524,0.8,0.819048,0.828571,0.828571,0.828571,0.838095,0.847619,0.790476,0.838095,0.828571,0.87619,0.828571,0.809524,0.847619,0.761905
HandOutlines,0.92973,0.918919,0.908108,0.932432,0.902703,0.935135,0.921622,0.945946,0.921622,0.92973,0.902703,0.910811,0.927027,0.92973,0.9,0.921622,0.935135,0.916216,0.910811,0.921622,0.924324,0.937838,0.894595,0.913514,0.924324,0.913514,0.913514,0.902703,0.918919,0.916216
Haptics,0.529221,0.503247,0.493506,0.522727,0.477273,0.522727,0.487013,0.516234,0.529221,0.487013,0.516234,0.525974,0.555195,0.49026,0.542208,0.519481,0.545455,0.519481,0.493506,0.529221,0.512987,0.496753,0.448052,0.516234,0.506494,0.496753,0.542208,0.516234,0.5,0.542208
Herring,0.625,0.640625,0.53125,0.59375,0.578125,0.609375,0.671875,0.65625,0.609375,0.6875,0.59375,0.625,0.609375,0.671875,0.59375,0.609375,0.546875,0.65625,0.53125,0.578125,0.71875,0.59375,0.59375,0.59375,0.59375,0.703125,0.578125,0.578125,0.625,0.625
HouseTwenty,0.983193,0.941176,0.97479,0.983193,1.0,0.94958,0.97479,0.966387,0.97479,0.966387,0.983193,0.94958,0.97479,0.966387,0.97479,0.97479,0.97479,0.97479,0.97479,0.957983,0.966387,0.966387,0.957983,0.966387,0.991597,0.97479,0.957983,0.957983,0.94958,0.983193
InlineSkate,0.590909,0.609091,0.54,0.62,0.556364,0.543636,0.590909,0.56,0.581818,0.556364,0.552727,0.587273,0.538182,0.56,0.603636,0.62,0.578182,0.558182,0.556364,0.601818,0.569091,0.605455,0.536364,0.6,0.605455,0.601818,0.574545,0.6,0.629091,0.618182
InsectEPGRegularTrain,1.0,1.0,1.0,1.0,1.0,1.0,1.0,1.0,1.0,1.0,1.0,1.0,1.0,1.0,1.0,1.0,1.0,1.0,1.0,1.0,1.0,1.0,1.0,1.0,1.0,1.0,1.0,1.0,1.0,1.0
InsectEPGSmallTrain,1.0,1.0,1.0,1.0,1.0,1.0,1.0,1.0,1.0,1.0,1.0,1.0,1.0,1.0,1.0,1.0,1.0,1.0,1.0,1.0,1.0,1.0,1.0,1.0,1.0,1.0,1.0,1.0,1.0,1.0
InsectWingbeatSound,0.674242,0.670707,0.652525,0.662626,0.662626,0.659596,0.641919,0.65303,0.669192,0.658081,0.655556,0.657071,0.65101,0.675758,0.676263,0.667172,0.658586,0.635354,0.64596,0.660606,0.649495,0.657071,0.648485,0.657071,0.672222,0.656061,0.657071,0.659596,0.65101,0.665152
ItalyPowerDemand,0.966958,0.950437,0.961127,0.968902,0.968902,0.969874,0.962099,0.969874,0.941691,0.965986,0.958212,0.965015,0.964043,0.966958,0.962099,0.966958,0.949466,0.968902,0.965986,0.96793,0.961127,0.965986,0.960155,0.970845,0.955296,0.964043,0.968902,0.954325,0.95724,0.965015
KeplerLightCurves,0.967419,0.944862,0.947368,0.929825,0.9599,0.949875,0.954887,0.929825,0.957393,0.954887,0.942356,0.947368,0.952381,0.9599,0.962406,0.954887,0.9599,0.947368,0.942356,0.937343,0.949875,0.932331,0.947368,0.93985,0.937343,0.937343,0.9599,0.934837,0.962406,0.942356
LargeKitchenAppliances,0.829333,0.885333,0.888,0.856,0.866667,0.837333,0.877333,0.896,0.853333,0.898667,0.898667,0.845333,0.877333,0.882667,0.917333,0.866667,0.898667,0.885333,0.858667,0.885333,0.88,0.890667,0.874667,0.856,0.901333,0.869333,0.888,0.896,0.88,0.872
Lightning2,0.770492,0.819672,0.721311,0.754098,0.688525,0.819672,0.770492,0.770492,0.688525,0.770492,0.803279,0.770492,0.770492,0.836066,0.819672,0.819672,0.868852,0.836066,0.786885,0.754098,0.786885,0.704918,0.786885,0.885246,0.786885,0.819672,0.770492,0.803279,0.737705,0.803279
Lightning7,0.780822,0.739726,0.643836,0.712329,0.712329,0.726027,0.69863,0.739726,0.739726,0.69863,0.712329,0.794521,0.808219,0.69863,0.712329,0.780822,0.767123,0.821918,0.767123,0.671233,0.794521,0.753425,0.821918,0.767123,0.767123,0.753425,0.726027,0.753425,0.69863,0.726027
Mallat,0.947974,0.943284,0.93177,0.955224,0.968443,0.970149,0.977825,0.967164,0.976546,0.993177,0.957783,0.950533,0.977399,0.965458,0.973987,0.946695,0.953092,0.941578,0.970576,0.977399,0.993177,0.976119,0.96162,0.970576,0.964606,0.987633,0.97484,0.965458,0.953945,0.965458
Meat,0.95,0.966667,1.0,0.966667,1.0,0.983333,1.0,0.983333,0.966667,1.0,1.0,0.966667,1.0,0.966667,1.0,0.966667,1.0,0.983333,1.0,1.0,1.0,1.0,1.0,0.966667,1.0,0.966667,0.966667,0.983333,0.983333,0.983333
MedicalImages,0.819737,0.797368,0.821053,0.817105,0.810526,0.819737,0.792105,0.805263,0.805263,0.806579,0.826316,0.834211,0.789474,0.814474,0.830263,0.780263,0.807895,0.807895,0.806579,0.809211,0.809211,0.818421,0.815789,0.826316,0.785526,0.826316,0.802632,0.822368,0.8,0.839474
MelbournePedestrianNmv,0.974558,0.967227,0.970677,0.965071,0.96809,0.971539,0.974989,0.968521,0.973696,0.969383,0.967658,0.971539,0.971108,0.963777,0.966796,0.973696,0.967227,0.971108,0.973264,0.971108,0.977145,0.970246,0.965071,0.969383,0.970677,0.973264,0.969815,0.978008,0.968521,0.973264
MiddlePhalanxOutlineAgeGroup,0.623377,0.688312,0.746753,0.694805,0.701299,0.733766,0.707792,0.727273,0.701299,0.623377,0.675325,0.707792,0.733766,0.681818,0.746753,0.694805,0.714286,0.707792,0.655844,0.707792,0.733766,0.688312,0.720779,0.714286,0.662338,0.694805,0.662338,0.720779,0.746753,0.727273
MiddlePhalanxOutlineCorrect,0.838488,0.817869,0.841924,0.810997,0.841924,0.835052,0.821306,0.817869,0.841924,0.821306,0.828179,0.828179,0.835052,0.838488,0.80756,0.824742,0.845361,0.831615,0.821306,0.835052,0.85567,0.865979,0.828179,0.804124,0.817869,0.810997,0.804124,0.810997,0.821306,0.817869
MiddlePhalanxTW,0.603896,0.597403,0.603896,0.61039,0.577922,0.642857,0.603896,0.584416,0.551948,0.597403,0.590909,0.564935,0.636364,0.597403,0.61039,0.558442,0.584416,0.584416,0.551948,0.62987,0.61039,0.61039,0.545455,0.584416,0.603896,0.590909,0.590909,0.590909,0.616883,0.571429
MixedShapesRegularTrain,0.965361,0.968247,0.963299,0.969485,0.958763,0.963711,0.963299,0.967423,0.961237,0.957938,0.966598,0.959588,0.967423,0.969897,0.969897,0.969485,0.967835,0.969485,0.964948,0.963711,0.969072,0.961237,0.96866,0.961649,0.950928,0.959588,0.962474,0.972371,0.966186,0.97567
MixedShapesSmallTrain,0.928247,0.929485,0.927423,0.948041,0.92866,0.925361,0.936907,0.92866,0.943093,0.941031,0.936082,0.942268,0.947629,0.920825,0.89732,0.919175,0.92701,0.907629,0.920412,0.918763,0.939381,0.931134,0.933608,0.917113,0.888247,0.918763,0.941856,0.926186,0.948454,0.941856
MoteStrain,0.948083,0.896965,0.925719,0.881789,0.948882,0.875399,0.93131,0.919329,0.919329,0.945687,0.914537,0.948882,0.93131,0.925719,0.93131,0.9377,0.915335,0.915335,0.922524,0.940895,0.925719,0.873003,0.95607,0.928115,0.940895,0.916134,0.946486,0.928914,0.929712,0.908946
NonInvasiveFetalECGThorax1,0.932316,0.939949,0.93486,0.937913,0.935369,0.930789,0.943003,0.929771,0.937913,0.927226,0.936387,0.926718,0.933842,0.946056,0.938931,0.935878,0.928753,0.932824,0.934351,0.93486,0.933842,0.936387,0.935369,0.945038,0.929262,0.931298,0.937913,0.943511,0.93486,0.939949
NonInvasiveFetalECGThorax2,0.945038,0.957252,0.955725,0.956743,0.947583,0.951145,0.960305,0.954707,0.954198,0.947583,0.952672,0.948092,0.954198,0.962341,0.959288,0.951654,0.957252,0.951654,0.960305,0.946565,0.949618,0.955725,0.946056,0.959288,0.951145,0.955216,0.95369,0.94402,0.960814,0.959796
OSULeaf,0.876033,0.904959,0.871901,0.880165,0.871901,0.884298,0.884298,0.871901,0.847107,0.867769,0.876033,0.88843,0.867769,0.904959,0.896694,0.876033,0.884298,0.859504,0.880165,0.859504,0.896694,0.909091,0.85124,0.904959,0.863636,0.880165,0.921488,0.88843,0.884298,0.876033
OliveOil,0.9,0.933333,0.9,0.966667,0.866667,0.933333,0.9,0.9,0.933333,0.833333,0.866667,0.933333,0.866667,0.966667,0.966667,0.9,0.9,0.933333,0.933333,0.933333,0.933333,0.9,0.833333,0.9,0.933333,0.9,0.933333,0.866667,0.933333,1.0
PLAIDEq,0.947858,0.899441,0.932961,0.934823,0.891993,0.921788,0.908752,0.914339,0.910615,0.916201,0.886406,0.916201,0.905028,0.905028,0.927374,0.912477,0.925512,0.903166,0.912477,0.92365,0.90689,0.938547,0.932961,0.927374,0.916201,0.931099,0.921788,0.884544,0.893855,0.94041
PhalangesOutlinesCorrect,0.83683,0.844988,0.847319,0.848485,0.835664,0.856643,0.846154,0.844988,0.847319,0.870629,0.843823,0.83683,0.863636,0.854312,0.848485,0.855478,0.832168,0.842657,0.840326,0.843823,0.851981,0.837995,0.839161,0.853147,0.853147,0.855478,0.842657,0.851981,0.861305,0.843823
PhoneHeartbeatSound,0.681319,0.703297,0.653846,0.697802,0.67033,0.67033,0.686813,0.703297,0.697802,0.659341,0.642857,0.659341,0.686813,0.653846,0.67033,0.648352,0.648352,0.664835,0.648352,0.653846,0.659341,0.642857,0.664835,0.681319,0.664835,0.615385,0.67033,0.648352,0.686813,0.631868
Phoneme,0.383966,0.3423,0.344409,0.35654,0.373418,0.381857,0.376055,0.389768,0.370253,0.379219,0.35865,0.37289,0.351793,0.39346,0.368143,0.392932,0.397152,0.366561,0.387131,0.351793,0.371308,0.343882,0.359705,0.347574,0.386603,0.375,0.381857,0.395042,0.369726,0.397152
PickupGestureWiimoteZEq,0.82,0.76,0.8,0.76,0.88,0.86,0.8,0.84,0.84,0.76,0.78,0.8,0.82,0.9,0.76,0.84,0.84,0.86,0.84,0.8,0.82,0.92,0.8,0.82,0.8,0.78,0.8,0.86,0.84,0.86
PigAirwayPressure,0.442308,0.528846,0.4375,0.466346,0.480769,0.370192,0.466346,0.524038,0.495192,0.456731,0.432692,0.418269,0.475962,0.442308,0.451923,0.451923,0.399038,0.548077,0.490385,0.427885,0.413462,0.466346,0.442308,0.514423,0.418269,0.451923,0.442308,0.447115,0.442308,0.389423
PigArtPressure,0.956731,0.860577,0.855769,0.836538,0.860577,0.884615,0.860577,0.908654,0.889423,0.841346,0.855769,0.884615,0.932692,0.836538,0.846154,0.899038,0.884615,0.956731,0.889423,0.889423,0.884615,0.879808,0.860577,0.894231,0.884615,0.826923,0.903846,0.889423,0.942308,0.884615
PigCVP,0.716346,0.658654,0.610577,0.634615,0.629808,0.629808,0.615385,0.639423,0.673077,0.615385,0.625,0.625,0.629808,0.653846,0.629808,0.629808,0.653846,0.639423,0.663462,0.677885,0.668269,0.649038,0.586538,0.658654,0.600962,0.605769,0.586538,0.639423,0.634615,0.596154
Plane,1.0,1.0,1.0,1.0,1.0,1.0,1.0,1.0,1.0,1.0,1.0,1.0,1.0,1.0,1.0,1.0,1.0,1.0,1.0,1.0,1.0,1.0,1.0,0.990476,1.0,1.0,1.0,1.0,1.0,1.0
PowerCons,0.994444,0.983333,0.983333,0.994444,1.0,1.0,0.988889,0.994444,1.0,0.977778,0.966667,0.977778,0.988889,0.988889,1.0,1.0,1.0,0.983333,0.994444,1.0,0.994444,1.0,0.994444,0.983333,1.0,1.0,1.0,0.983333,0.988889,0.972222
ProximalPhalanxOutlineAgeGroup,0.84878,0.84878,0.804878,0.853659,0.84878,0.84878,0.878049,0.819512,0.829268,0.834146,0.887805,0.882927,0.882927,0.829268,0.873171,0.84878,0.868293,0.809756,0.863415,0.887805,0.863415,0.839024,0.84878,0.834146,0.873171,0.878049,0.804878,0.858537,0.82439,0.863415
ProximalPhalanxOutlineCorrect,0.90378,0.893471,0.890034,0.907216,0.886598,0.896907,0.859107,0.910653,0.914089,0.917526,0.90378,0.907216,0.886598,0.907216,0.896907,0.90378,0.890034,0.920962,0.90378,0.883162,0.90378,0.883162,0.896907,0.883162,0.900344,0.896907,0.900344,0.900344,0.893471,0.893471
ProximalPhalanxTW,0.814634,0.819512,0.804878,0.809756,0.8,0.829268,0.814634,0.809756,0.809756,0.814634,0.82439,0.809756,0.839024,0.834146,0.829268,0.82439,0.809756,0.804878,0.839024,0.82439,0.853659,0.804878,0.82439,0.814634,0.790244,0.809756,0.809756,0.829268,0.8,0.819512
RefrigerationDevices,0.549333,0.757333,0.773333,0.757333,0.717333,0.781333,0.776,0.741333,0.733333,0.765333,0.754667,0.754667,0.76,0.749333,0.725333,0.776,0.770667,0.752,0.730667,0.722667,0.757333,0.778667,0.770667,0.712,0.744,0.786667,0.749333,0.789333,0.749333,0.746667
Rock,0.68,0.8,0.82,0.72,0.86,0.9,0.88,0.88,0.76,0.8,0.7,0.72,0.82,0.74,0.74,0.78,0.72,0.8,0.84,0.88,0.74,0.88,0.8,0.86,0.92,0.9,0.84,0.92,0.72,0.74
ScreenType,0.546667,0.704,0.685333,0.738667,0.666667,0.693333,0.709333,0.672,0.674667,0.714667,0.672,0.688,0.701333,0.669333,0.688,0.690667,0.698667,0.666667,0.666667,0.656,0.674667,0.664,0.696,0.661333,0.696,0.698667,0.682667,0.672,0.664,0.656
SemgHandGenderCh2,0.946667,0.968333,0.958333,0.95,0.951667,0.968333,0.966667,0.958333,0.958333,0.975,0.956667,0.958333,0.951667,0.958333,0.971667,0.941667,0.946667,0.963333,0.935,0.946667,0.95,0.941667,0.948333,0.965,0.973333,0.965,0.961667,0.941667,0.966667,0.96
SemgHandMovementCh2,0.833333,0.871111,0.855556,0.877778,0.864444,0.846667,0.888889,0.875556,0.848889,0.88,0.857778,0.868889,0.857778,0.846667,0.824444,0.864444,0.873333,0.846667,0.851111,0.846667,0.84,0.851111,0.857778,0.862222,0.862222,0.844444,0.831111,0.862222,0.868889,0.864444
SemgHandSubjectCh2,0.882222,0.942222,0.944444,0.937778,0.913333,0.935556,0.893333,0.928889,0.944444,0.948889,0.935556,0.944444,0.9,0.904444,0.926667,0.935556,0.924444,0.924444,0.904444,0.944444,0.926667,0.895556,0.926667,0.94,0.928889,0.924444,0.928889,0.922222,0.9,0.917778
ShakeGestureWiimoteZEq,0.84,0.88,0.86,0.88,0.9,0.9,0.78,0.86,0.82,0.84,0.82,0.9,0.86,0.88,0.82,0.86,0.9,0.92,0.86,0.86,0.92,0.86,0.76,0.78,0.84,0.86,0.84,0.84,0.84,0.88
ShapeletSim,0.988889,0.994444,0.994444,0.966667,0.988889,0.955556,0.977778,0.994444,0.938889,0.994444,0.977778,0.977778,0.994444,0.994444,1.0,0.983333,0.983333,1.0,0.988889,0.994444,0.988889,0.988889,0.994444,0.988889,0.961111,1.0,0.988889,0.994444,0.944444,0.983333
ShapesAll,0.871667,0.868333,0.89,0.898333,0.901667,0.893333,0.86,0.885,0.89,0.888333,0.883333,0.891667,0.908333,0.885,0.885,0.903333,0.89,0.866667,0.9,0.87,0.903333,0.9,0.893333,0.87,0.886667,0.91,0.866667,0.896667,0.891667,0.89
SharePriceIncrease,0.6853,0.693582,0.689441,0.686335,0.686335,0.684265,0.6853,0.690476,0.689441,0.695652,0.6853,0.693582,0.688406,0.6853,0.686335,0.689441,0.677019,0.696687,0.700828,0.681159,0.691511,0.690476,0.701863,0.692547,0.696687,0.688406,0.696687,0.695652,0.686335,0.693582
SmallKitchenAppliances,0.850667,0.818667,0.826667,0.834667,0.845333,0.858667,0.850667,0.832,0.834667,0.845333,0.845333,0.866667,0.845333,0.834667,0.84,0.842667,0.832,0.84,0.832,0.802667,0.802667,0.861333,0.845333,0.845333,0.845333,0.842667,0.834667,0.856,0.837333,0.834667
SmoothSubspace,0.986667,0.973333,0.986667,0.986667,0.986667,0.986667,0.98,0.986667,0.986667,0.98,0.993333,1.0,0.98,0.993333,1.0,0.98,0.993333,0.98,0.973333,1.0,0.993333,0.993333,0.993333,0.953333,1.0,0.986667,0.98,0.993333,0.986667,0.993333
SonyAIBORobotSurface1,0.868552,0.90183,0.885191,0.798669,0.923461,0.881864,0.943428,0.891847,0.951747,0.925125,0.898502,0.898502,0.848586,0.890183,0.933444,0.906822,0.93178,0.93178,0.896839,0.800333,0.900166,0.925125,0.930116,0.936772,0.885191,0.926789,0.943428,0.948419,0.891847,0.861897
SonyAIBORobotSurface2,0.858342,0.933893,0.898216,0.947534,0.932844,0.95383,0.935992,0.889822,0.924449,0.942288,0.946485,0.945435,0.95383,0.919203,0.9234,0.950682,0.93809,0.913956,0.92235,0.932844,0.835257,0.940189,0.896118,0.909759,0.932844,0.904512,0.955929,0.946485,0.911857,0.92235
StarLightCurves,0.979966,0.978752,0.981059,0.981059,0.980452,0.97948,0.980573,0.98203,0.98203,0.982637,0.980816,0.980452,0.980695,0.981302,0.981787,0.979359,0.979966,0.979602,0.980209,0.98033,0.981787,0.98033,0.981302,0.981423,0.98118,0.980087,0.980816,0.980937,0.979723,0.981544
Strawberry,0.97027,0.978378,0.975676,0.978378,0.964865,0.972973,0.975676,0.951351,0.978378,0.972973,0.978378,0.962162,0.97027,0.978378,0.972973,0.991892,0.972973,0.97027,0.978378,0.991892,0.97027,0.972973,0.986486,0.994595,0.978378,0.962162,0.972973,0.972973,0.981081,0.983784
SwedishLeaf,0.9648,0.9488,0.9648,0.9552,0.9664,0.9536,0.952,0.9488,0.968,0.9584,0.9536,0.96,0.9616,0.9504,0.9584,0.968,0.9584,0.9536,0.952,0.96,0.9536,0.96,0.9664,0.9648,0.96,0.9584,0.9552,0.944,0.9568,0.9536
Symbols,0.98392,0.976884,0.939698,0.929648,0.948744,0.973869,0.938693,0.968844,0.959799,0.939698,0.973869,0.953769,0.936683,0.932663,0.952764,0.941709,0.933668,0.954774,0.973869,0.955779,0.910553,0.967839,0.973869,0.913568,0.960804,0.922613,0.962814,0.973869,0.944724,0.98392
SyntheticControl,0.996667,0.983333,0.99,1.0,0.996667,0.996667,0.99,0.996667,1.0,1.0,0.983333,0.996667,0.993333,0.993333,0.993333,0.99,0.993333,0.99,0.996667,1.0,0.996667,0.986667,0.993333,0.99,0.996667,0.996667,0.986667,0.993333,1.0,0.99
ToeSegmentation1,0.881579,0.890351,0.811404,0.811404,0.785088,0.864035,0.824561,0.868421,0.846491,0.815789,0.894737,0.833333,0.899123,0.846491,0.820175,0.828947,0.868421,0.903509,0.850877,0.881579,0.850877,0.828947,0.868421,0.890351,0.877193,0.872807,0.859649,0.899123,0.850877,0.872807
ToeSegmentation2,0.853846,0.853846,0.892308,0.861538,0.823077,0.884615,0.892308,0.869231,0.869231,0.915385,0.892308,0.830769,0.846154,0.923077,0.846154,0.9,0.9,0.9,0.923077,0.938462,0.915385,0.884615,0.846154,0.861538,0.869231,0.876923,0.9,0.907692,0.907692,0.846154
Tools,0.828358,0.783582,0.828358,0.820896,0.835821,0.768657,0.783582,0.828358,0.813433,0.820896,0.835821,0.761194,0.798507,0.850746,0.80597,0.828358,0.798507,0.761194,0.738806,0.783582,0.798507,0.835821,0.858209,0.80597,0.813433,0.80597,0.80597,0.813433,0.820896,0.80597
Trace,1.0,1.0,1.0,1.0,1.0,1.0,1.0,1.0,1.0,1.0,1.0,1.0,1.0,1.0,1.0,1.0,1.0,1.0,1.0,1.0,1.0,1.0,1.0,1.0,1.0,1.0,1.0,1.0,1.0,1.0
TwoLeadECG,0.996488,0.996488,0.996488,0.946444,0.99122,0.992098,0.989464,0.989464,0.982441,0.997366,0.99561,0.984197,0.998244,0.993854,0.996488,0.996488,0.99122,0.997366,0.998244,0.960492,0.997366,0.998244,0.998244,0.989464,0.973661,0.990342,0.99561,0.984197,0.924495,0.972783
TwoPatterns,1.0,1.0,0.99975,0.99925,0.99975,0.99925,1.0,1.0,0.99975,1.0,0.9995,1.0,1.0,1.0,0.99925,1.0,0.99925,0.99975,0.99975,0.9995,0.99975,0.99975,1.0,1.0,0.99975,1.0,1.0,0.99975,1.0,1.0
UMD,0.986111,0.861111,0.993056,0.993056,0.993056,1.0,0.972222,0.979167,0.75,0.986111,0.993056,0.993056,0.902778,0.958333,0.986111,1.0,0.993056,0.986111,1.0,0.993056,0.993056,0.993056,0.993056,1.0,1.0,1.0,0.965278,0.993056,0.9375,0.916667
UWaveGestureLibraryAll,0.967895,0.960916,0.971245,0.964266,0.970408,0.969849,0.970966,0.965941,0.964545,0.971245,0.967058,0.970687,0.969291,0.964824,0.966499,0.960637,0.971524,0.971803,0.969012,0.968174,0.969849,0.962312,0.975991,0.965662,0.971803,0.971803,0.972083,0.966778,0.964824,0.968733
UWaveGestureLibraryX,0.842825,0.84785,0.853155,0.840034,0.856505,0.864042,0.847013,0.848967,0.84785,0.85818,0.864601,0.848409,0.851759,0.850363,0.850363,0.843104,0.848409,0.849246,0.857063,0.850921,0.853992,0.849805,0.853992,0.842546,0.86153,0.855109,0.85483,0.862647,0.857621,0.848688
UWaveGestureLibraryY,0.774428,0.773869,0.774428,0.757398,0.772753,0.794807,0.778057,0.774428,0.785595,0.784757,0.782803,0.781686,0.786153,0.762982,0.78057,0.775265,0.78364,0.782245,0.78029,0.772753,0.781407,0.773869,0.774986,0.776661,0.787828,0.771357,0.77694,0.773869,0.785874,0.781128
UWaveGestureLibraryZ,0.784199,0.782245,0.799832,0.782524,0.796203,0.792853,0.800949,0.796762,0.791178,0.786153,0.792016,0.789782,0.79732,0.77359,0.788945,0.802624,0.798437,0.786153,0.798437,0.778615,0.791736,0.788107,0.78392,0.797599,0.787549,0.774707,0.786711,0.792574,0.798716,0.798437
Wafer,1.0,1.0,1.0,1.0,1.0,1.0,1.0,1.0,1.0,0.999189,1.0,1.0,0.999676,0.999838,1.0,0.999027,0.999351,0.999351,1.0,1.0,0.999513,0.999189,1.0,1.0,1.0,1.0,1.0,0.99854,0.999351,1.0
Wine,0.703704,0.87037,0.851852,0.888889,0.833333,0.925926,0.888889,0.962963,0.87037,0.851852,0.981481,0.925926,0.777778,0.981481,0.944444,0.925926,0.962963,0.888889,0.87037,0.833333,0.925926,0.796296,0.925926,0.888889,1.0,0.981481,1.0,0.777778,0.814815,0.703704
WordSynonyms,0.697492,0.697492,0.706897,0.688088,0.722571,0.710031,0.680251,0.684953,0.705329,0.705329,0.688088,0.689655,0.72884,0.684953,0.691223,0.69906,0.702194,0.717868,0.72884,0.702194,0.727273,0.727273,0.697492,0.68652,0.705329,0.702194,0.681818,0.724138,0.708464,0.714734
Worms,0.766234,0.727273,0.675325,0.818182,0.74026,0.779221,0.74026,0.844156,0.714286,0.714286,0.727273,0.714286,0.701299,0.831169,0.779221,0.779221,0.727273,0.753247,0.779221,0.753247,0.779221,0.753247,0.701299,0.792208,0.701299,0.714286,0.74026,0.61039,0.857143,0.792208
WormsTwoClass,0.805195,0.87013,0.844156,0.818182,0.831169,0.766234,0.714286,0.857143,0.779221,0.792208,0.831169,0.779221,0.779221,0.792208,0.844156,0.779221,0.831169,0.766234,0.883117,0.844156,0.779221,0.779221,0.805195,0.831169,0.831169,0.831169,0.818182,0.727273,0.844156,0.805195
Yoga,0.885,0.885333,0.899,0.906333,0.895333,0.902,0.897333,0.909667,0.901,0.903667,0.884667,0.876,0.88,0.887333,0.881,0.878667,0.907333,0.915,0.899,0.887667,0.899333,0.888333,0.882333,0.897333,0.910667,0.893667,0.907333,0.908667,0.910333,0.891333
